index,machine,local_decider_result,bb6_rocq_reference
0,1RB1RF_1RC0LA_1RD---_1LE0RC_0LE1LA_0RF0RD,"MitM-CTL/RWL_mod[n=2,maxT=30000,sim=1001,H=12,mnc=2,mod=3]",RWL_mod_v4.v:16686
1,1RB0LA_1RC0LE_1RD---_1LE1RF_---1LA_0RF0RC,"MitM-CTL/NG[n=1,maxT=30000,NG_n=3,chr_H=2,chr_LRUH=6,chr_asth=1]",-
2,1RB1LA_1RC0LF_1RD---_0LE0RB_0RD1LE_0LA0RC,"MitM-CTL/NG[n=1,maxT=30000,NG_n=3,chr_H=2,chr_LRUH=6,chr_asth=1]",-
3,1RB0LA_1RC1LE_1RD---_0LE1RF_0RC1LA_0RD0RF,"MitM-CTL/NG[n=1,maxT=30000,NG_n=3,chr_H=2,chr_LRUH=6,chr_asth=1]",-
4,1RB0LA_1RC1LE_1RD---_0LE1RF_---1LA_0RC0RF,"MitM-CTL/NG[n=1,maxT=30000,NG_n=3,chr_H=2,chr_LRUH=6,chr_asth=1]",-
5,1RB1LE_1RC1LF_1RD0RC_0LE0LF_---0LA_---1LA,"MitM-CTL/NG[n=1,maxT=100000,NG_n=2,chr_H=4,chr_LRUH=4,chr_asth=1]",-
6,1RB1LE_1RC0RC_1RD0LE_0LA0RD_0LF1LF_---1LA,"MitM-CTL/NG[n=1,maxT=100000,NG_n=2,chr_H=4,chr_LRUH=4,chr_asth=1]",CTLv1.v:7026
7,1RB0LF_1RC0RB_1LD0RE_1LF1RE_---1LA_0LA0RC,"MitM-CTL/NG[n=1,maxT=100000,NG_n=2,chr_H=4,chr_LRUH=4,chr_asth=1]",CTLv1.v:17094
8,1RB1LF_1RC0RA_1LD0RC_0RB1LE_0LD0LF_0LE---,"MitM-CTL/NG[n=1,maxT=100000,NG_n=2,chr_H=4,chr_LRUH=4,chr_asth=1]",CTLv1.v:11010
9,1RB0RC_1RC---_1LD0RA_0RF1LE_0LD0LE_1RF1RA,"MitM-CTL/RWL_mod[n=1,maxT=100000,sim=1001,H=2,mnc=2,mod=4]",RWL_mod_v3.v:48111
10,1RB1LF_1RC1RA_1LD0RC_0LF1LE_---0LD_0RA0LE,"MitM-CTL/NG[n=1,maxT=100000,NG_n=2,chr_H=4,chr_LRUH=4,chr_asth=1]",-
11,1RB0LD_1RC0LE_1LD1RF_1LA1LE_---0LA_0RC0RF,"MitM-CTL/NG[n=1,maxT=100000,NG_n=2,chr_H=4,chr_LRUH=4,chr_asth=1]",-
12,1RB1LF_1RC1RE_1LD0RB_1LA0RE_---0RC_0LA0LF,"MitM-CTL/NG[n=1,maxT=100000,NG_n=2,chr_H=4,chr_LRUH=4,chr_asth=1]",-
13,1RB0RC_1RC1LE_1LD0RA_1RA0LE_---1LF_0LD0LF,"MitM-CTL/NG[n=1,maxT=30000,NG_n=3,chr_H=2,chr_LRUH=6,chr_asth=1]",-
14,1RB0RA_1RC---_1LD---_0LE0LD_0RF1RA_1RF1LE,"MitM-CTL/RWL_mod[n=1,maxT=100000,sim=1001,H=2,mnc=1,mod=3]",CTLv1.v:24129
15,1RB1LE_1RC---_1LD---_0LE0LD_0RF1RA_1RF0RA,"MitM-CTL/RWL_mod[n=1,maxT=100000,sim=1001,H=2,mnc=1,mod=3]",CTLv1.v:23352
16,1RB1RA_1RC0LE_1LD0RB_0RC0LD_1LF1LE_0RA---,-,RRBAv4.v:976
17,1RB0RA_1RC1LE_1LD---_1RF0RB_0LE0LD_0RF1RA,"FAR/RWL_mod[n=1,maxT=100000,H=1,mnc=1,mod=3]",FARv3.v:477
18,1RB---_1RC0RC_1LD1RA_0LE0RB_0RA1LF_0LD0LF,"MitM-CTL/NG[n=1,maxT=100000,NG_n=2,chr_H=4,chr_LRUH=4,chr_asth=1]",CTLv1.v:15042
19,1RB1LA_1RC0RE_1LD0RF_0LD0LA_1RF0RB_---0RC,-,RRBAv3.v:1295
20,1RB0LA_1RC---_0RD1RD_1RE---_1LF1LA_0RB0LF,-,RRBAv5.v:3429
21,1RB0LF_1RC---_0RD1RD_1RE---_1LA1LF_0RB0LA,-,RRBAv5.v:3867
22,1RB0LA_1RC1RF_0RD---_1LE1LA_0LE1RD_0RF0RC,"MitM-CTL/NG[n=1,maxT=30000,NG_n=3,chr_H=2,chr_LRUH=6,chr_asth=1]",-
23,1RB0LA_1RC---_0RD1RD_1LE1LA_0RC0LF_0RB0LE,-,RRBAv4.v:3631
24,1RB0LA_1RC1RF_0RD---_1LE1LA_0RB0LE_1RD---,-,RRBAv5.v:3402
25,1RB0LE_1RC1RF_0RD---_1LE1LA_0RB0LA_1RD---,-,RRBAv5.v:3408
26,1RB0LA_1RC1RD_0RD---_1LE1LA_0RB0LF_0RC0LE,-,RRBAv4.v:2782
27,1RB1LF_1RC0RB_0RD0LA_1LE0RC_1LA---_0LF0LE,"MitM-CTL/NG[n=1,maxT=100000,NG_n=2,chr_H=4,chr_LRUH=4,chr_asth=1]",CTLv1.v:15921
28,1RB0LF_1RC1LF_0RD0LA_1LE0RC_1LA0LE_---1RD,"MitM-CTL/NG[n=1,maxT=100000,NG_n=2,chr_H=4,chr_LRUH=4,chr_asth=1]",CTLv1.v:17160
29,1RB1RE_1RC1RD_0RD0RC_0RE---_0LF0LA_1LF1LA,"MitM-CTL/NG[n=1,maxT=30000,NG_n=3,chr_H=2,chr_LRUH=6,chr_asth=1]",-
30,1RB0LA_1RC1RF_0RD---_0LE1LA_1LE1RD_0RC0RF,"MitM-CTL/NG[n=1,maxT=30000,NG_n=3,chr_H=2,chr_LRUH=6,chr_asth=1]",-
31,1RB0LA_1RC---_0RD1RD_0LE1RF_1LE1LA_0RC0RF,"MitM-CTL/NG[n=1,maxT=30000,NG_n=3,chr_H=2,chr_LRUH=6,chr_asth=1]",-
32,1RB1LF_1RC---_0RD0RC_0LE0RB_1LE0LA_1RD0LF,"MitM-CTL/NG[n=1,maxT=100000,NG_n=2,chr_H=4,chr_LRUH=4,chr_asth=1]",-
33,1RB1RD_1RC1RF_0RD---_0LE1LA_1LE0LA_0RC0RF,"MitM-CTL/NG[n=1,maxT=30000,NG_n=3,chr_H=2,chr_LRUH=6,chr_asth=1]",-
34,1RB1LF_1RC1RD_0RD---_0LE0RB_0LA0RC_1LA0LF,"MitM-CTL/NG[n=1,maxT=100000,NG_n=2,chr_H=4,chr_LRUH=4,chr_asth=1]",-
35,1RB1LE_1RC0LE_0RD0RC_1LA0LF_---0LA_1LF1RD,"MitM-CTL/NG[n=1,maxT=100000,NG_n=2,chr_H=4,chr_LRUH=4,chr_asth=1]",-
36,1RB1RD_1RC0LE_0RD0RC_1LA0LF_---0LA_1LF1LE,"MitM-CTL/NG[n=1,maxT=100000,NG_n=2,chr_H=4,chr_LRUH=4,chr_asth=1]",-
37,1RB0LF_1RC0RB_0LD0RE_1LF1RE_1LA---_0LA0RC,"MitM-CTL/NG[n=1,maxT=100000,NG_n=2,chr_H=4,chr_LRUH=4,chr_asth=1]",CTLv1.v:11352
38,1RB0LA_1RC1LD_0LD0RF_0RB1LE_1LA1RF_---0RC,"MitM-CTL/NG[n=1,maxT=30000,NG_n=3,chr_H=2,chr_LRUH=6,chr_asth=1]",-
39,1RB0LA_1RC1LD_0LD0RF_0RC1LE_1LA1RF_---0RB,"MitM-CTL/NG[n=1,maxT=30000,NG_n=3,chr_H=2,chr_LRUH=6,chr_asth=1]",-
40,1RB0RA_1RC0LE_0LD1RA_---1LE_0LF1LF_0RB1LD,"MitM-CTL/NG[n=1,maxT=100000,NG_n=2,chr_H=4,chr_LRUH=4,chr_asth=1]",CTLv1.v:13146
41,1RB---_1RC1LD_0LD0RC_0RB1LE_1LA1LF_0LA0LF,"MitM-CTL/NG[n=1,maxT=30000,NG_n=3,chr_H=2,chr_LRUH=6,chr_asth=1]",-
42,1RB---_1RC1LD_0LD0RB_0RC1LE_1LA1LF_0LA0LF,"MitM-CTL/NG[n=1,maxT=30000,NG_n=3,chr_H=2,chr_LRUH=6,chr_asth=1]",-
43,1RB0RA_1RC---_0LD0RC_1RA1LE_1LD0LF_0RB0LE,"MitM-CTL/NG[n=1,maxT=100000,NG_n=2,chr_H=4,chr_LRUH=4,chr_asth=1]",-
44,1RB---_1RC1RF_0LD0RB_1LD1LE_1LA0LE_0RC0RF,"MitM-CTL/RWL_mod[n=2,maxT=30000,H=4,mnc=2,mod=1]",-
45,1RB1LD_1RC0RB_0LD1RF_---1LE_0LE0LA_1LA0RF,"MitM-CTL/NG[n=1,maxT=30000,NG_n=3,chr_H=2,chr_LRUH=6,chr_asth=1]",-
46,1RB0LE_1RC---_0LD0RF_0RC1LE_1RF0LA_0RB1LD,"MitM-CTL/NG[n=1,maxT=100000,NG_n=2,chr_H=4,chr_LRUH=4,chr_asth=1]",-
47,1RB0LE_1RC---_0LD0RC_0RF1LE_1RF0LA_0RB1LD,"MitM-CTL/NG[n=1,maxT=100000,NG_n=2,chr_H=4,chr_LRUH=4,chr_asth=1]",-
48,1RB---_1RC0RC_0LD0RB_0LF1LE_1LD0LA_1LF0LE,"MitM-CTL/NG[n=1,maxT=2000,NG_n=2,chr_H=0,chr_LRUH=0,chr_asth=0]",-
49,1RB0LE_1RC---_0LD0RF_1LE1LD_0LA1RF_0RB0RC,"MitM-CTL/NG[n=1,maxT=100000,NG_n=2,chr_H=4,chr_LRUH=4,chr_asth=1]",-
50,1RB0LE_1RC---_0LD1LE_0RC1LD_0LA0RF_0RB1RF,"MitM-CTL/NG[n=1,maxT=100000,NG_n=2,chr_H=4,chr_LRUH=4,chr_asth=1]",-
51,1RB0LE_1RC---_0LD0RA_0RC1LD_0LF0RB_1RA1LF,"MitM-CTL/NG[n=1,maxT=30000,NG_n=3,chr_H=2,chr_LRUH=6,chr_asth=1]",-
52,1RB0RC_1RC---_0LD1LE_1RA1LD_0LF0RA_0RB0LE,"MitM-CTL/NG[n=1,maxT=100000,NG_n=2,chr_H=4,chr_LRUH=4,chr_asth=1]",-
53,1RB0LE_1RC---_0LD1RA_0RA1LD_0LF0RB_0RC1LF,"MitM-CTL/NG[n=1,maxT=30000,NG_n=3,chr_H=2,chr_LRUH=6,chr_asth=1]",-
54,1RB0LE_1RC---_0LD1LE_0LA1LD_0RC0RF_0RB1RF,"MitM-CTL/NG[n=1,maxT=100000,NG_n=2,chr_H=4,chr_LRUH=4,chr_asth=1]",-
55,1RB0LE_1RC---_0LD1LE_1LD0RC_0LA1RF_0RB0RF,"MitM-CTL/NG[n=1,maxT=100000,NG_n=2,chr_H=4,chr_LRUH=4,chr_asth=1]",-
56,1RB1LE_1RC1LD_0LD0RF_0RB1LA_0LA0LE_---0RC,"MitM-CTL/NG[n=1,maxT=30000,NG_n=3,chr_H=2,chr_LRUH=6,chr_asth=1]",-
57,1RB1LE_1RC1LD_0LD0RF_0RC1LA_0LA0LE_---0RB,"MitM-CTL/NG[n=1,maxT=30000,NG_n=3,chr_H=2,chr_LRUH=6,chr_asth=1]",-
58,1RB1LD_1RC0RB_1LA1RF_0RF1LE_0LA0RC_---0LE,"MitM-CTL/NG[n=1,maxT=100000,NG_n=2,chr_H=4,chr_LRUH=4,chr_asth=1]",CTLv1.v:13296
59,1RB1LD_1RC1RE_1LA0RC_0LF0LA_0RB1LF_---0LD,"MitM-CTL/NG[n=1,maxT=100000,NG_n=2,chr_H=4,chr_LRUH=4,chr_asth=1]",CTLv1.v:5529
60,1RB1LD_1RC0RE_1LA0RC_0LF0LA_0RB1LF_0LD---,"MitM-CTL/NG[n=1,maxT=100000,NG_n=2,chr_H=4,chr_LRUH=4,chr_asth=1]",CTLv1.v:2724
61,1RB0LD_1RC0RB_1LA1RF_0RF1LE_0LA0RC_0LE---,"MitM-CTL/NG[n=1,maxT=100000,NG_n=2,chr_H=4,chr_LRUH=4,chr_asth=1]",CTLv1.v:3087
62,1RB0LD_1RC0RB_1LA0RF_1LD1LE_0LA---_0RC0LE,"MitM-CTL/NG[n=1,maxT=100000,NG_n=2,chr_H=4,chr_LRUH=4,chr_asth=1]",CTLv1.v:4707
63,1RB0LD_1RC1LE_1LA1RF_0LA0RC_0RF1LD_---0RB,"MitM-CTL/NG[n=1,maxT=100000,NG_n=2,chr_H=4,chr_LRUH=4,chr_asth=1]",CTLv1.v:13749
64,1RB0LD_1RC0LE_1LA1RF_0LA0RC_0RF1LD_0RB---,"MitM-CTL/NG[n=1,maxT=100000,NG_n=2,chr_H=4,chr_LRUH=4,chr_asth=1]",CTLv1.v:11466
65,1RB0RC_1RC0RF_1LA0LD_1LD1LE_0LA1RF_---0RB,-,RRBAv4.v:649
66,1RB1LD_1RC0RB_0LA0RC_1LE0LD_1LF---_1LA---,"MitM-CTL/NG[n=1,maxT=100000,NG_n=2,chr_H=4,chr_LRUH=4,chr_asth=1]",-
67,1RB1LD_1RC---_0LA1RF_1LE0LD_0RC0LE_0RF0RB,"MitM-CTL/NG[n=1,maxT=30000,NG_n=3,chr_H=2,chr_LRUH=6,chr_asth=1]",-
68,1RB1LD_1RC0RB_0LA0RC_1LE0LD_1LA---_------,"MitM-CTL/NG[n=1,maxT=100000,NG_n=2,chr_H=4,chr_LRUH=4,chr_asth=1]",-
69,1RB1LD_1RC1RE_0LA0RC_0LF1LA_0RB1LF_---0LD,"MitM-CTL/NG[n=1,maxT=100000,NG_n=2,chr_H=4,chr_LRUH=4,chr_asth=1]",-
70,1RB1LD_1RC0RE_0LA0RC_0LF1LA_0RB1LF_0LD---,"MitM-CTL/NG[n=1,maxT=100000,NG_n=2,chr_H=4,chr_LRUH=4,chr_asth=1]",-
71,1RB1LD_1RC0RC_0LA1RE_---1LA_0LD0LF_0RB1LF,-,RRBAv4.v:1945
72,1RB0LD_1RC1RF_0LA0RF_0RB1LE_1LD1LA_---0RC,"MitM-CTL/NG[n=1,maxT=100000,NG_n=2,chr_H=4,chr_LRUH=4,chr_asth=1]",-
73,1RB0LD_1RC0RF_0LA1RF_0RC1LE_1LA1LD_---0RB,"MitM-CTL/NG[n=1,maxT=100000,NG_n=2,chr_H=4,chr_LRUH=4,chr_asth=1]",-
74,1RB0LD_1RC1RE_0LA0LF_---1LA_0RC0RE_1LF1LD,"MitM-CTL/NG[n=1,maxT=100000,NG_n=2,chr_H=4,chr_LRUH=4,chr_asth=1]",-
75,1RB0LD_1RC1RE_0LA0LF_---1LA_0RC1LF_0RE1LD,"MitM-CTL/NG[n=1,maxT=100000,NG_n=2,chr_H=4,chr_LRUH=4,chr_asth=1]",-
76,1RB1LA_1RC1RD_0LA0LE_---0RC_0RB1LF_0RD1LE,-,RRBAv4.v:4939
77,1RB1LF_1LC0RE_1LA1RD_0LF1RE_0RB0LA_---0LC,"MitM-CTL/NG[n=1,maxT=100000,NG_n=2,chr_H=4,chr_LRUH=4,chr_asth=1]",CTLv1.v:8268
78,1RB0RA_1LC0RD_1LF1RD_---1LE_1RA0LF_0LE0RB,"MitM-CTL/NG[n=1,maxT=100000,NG_n=2,chr_H=4,chr_LRUH=4,chr_asth=1]",CTLv1.v:4158
79,1RB---_1LC---_0LA1RD_0RD0RE_0RB1LF_0LF0LC,"MitM-CTL/CPS_LRU[n=2,maxT=100000,sim=1001,LRUH=16,H=1,tH=1]",-
80,1RB1RF_1LC0RB_0LA1RD_---0LE_1LE1LA_0RD0RF,"MITM-WFAR[n=11,m=1]",RRBAv5.v:2241
81,1RB0LF_1LC---_0LA1RD_1RE0RD_0RB0RE_0LC1LF,"MitM-CTL/NG[n=1,maxT=30000,NG_n=3,chr_H=2,chr_LRUH=6,chr_asth=1]",-
82,1RB1LA_1LC0LF_0LA1RD_1RE0RD_0RB---_0RE0LC,"MitM-CTL/NG[n=1,maxT=30000,NG_n=3,chr_H=2,chr_LRUH=6,chr_asth=1]",-
83,1RB0LF_1LC0RB_0LA1RD_0RE0RD_1LA---_0LC1RE,"MitM-CTL/NG[n=1,maxT=30000,NG_n=3,chr_H=2,chr_LRUH=6,chr_asth=1]",-
84,1RB0LA_1LC1RF_1LE1RD_---0RB_0LE1LA_0RF0RD,"MitM-CTL/NG[n=1,maxT=30000,NG_n=3,chr_H=2,chr_LRUH=6,chr_asth=1]",-
85,1RB0LA_1LC1RF_1LE1RD_0RF0RB_0LC1LA_---0RD,"MitM-CTL/NG[n=1,maxT=100000,NG_n=2,chr_H=4,chr_LRUH=4,chr_asth=1]",-
86,1RB0LA_1LC1RF_1LE1RD_0RD0RB_0RF1LA_---0LC,"MitM-CTL/NG[n=1,maxT=30000,NG_n=3,chr_H=2,chr_LRUH=6,chr_asth=1]",-
87,1RB---_1LC1LF_0LE1RD_0RA0RB_0LC1RA_0LF0RD,-,RRBAv4.v:4996
88,1RB0LA_1LC1RF_0LE1RD_---0RB_1LE1LA_0RD0RF,"MitM-CTL/NG[n=1,maxT=30000,NG_n=3,chr_H=2,chr_LRUH=6,chr_asth=1]",-
89,1RB0LA_1LC1RF_0LE1RD_0RF0RB_0LC1LA_0RD---,"MitM-CTL/NG[n=1,maxT=100000,NG_n=2,chr_H=4,chr_LRUH=4,chr_asth=1]",-
90,1RB0LA_1LC1RF_0LE1RD_0RD0RB_0RF1LA_0LC---,"MitM-CTL/NG[n=1,maxT=30000,NG_n=3,chr_H=2,chr_LRUH=6,chr_asth=1]",-
91,1RB0LA_1LC1RF_0LC1RD_1LE0RB_0RF1LA_---0RD,"MitM-CTL/NG[n=1,maxT=30000,NG_n=3,chr_H=2,chr_LRUH=6,chr_asth=1]",-
92,1RB0LA_1LC1RF_0LC1RD_0LE0RB_0RF1LA_0RD---,"MitM-CTL/NG[n=1,maxT=30000,NG_n=3,chr_H=2,chr_LRUH=6,chr_asth=1]",-
93,1RB1LE_1LC1LF_0LC1RD_1RA0RB_---0RD_0LF0LE,"MITM-WFAR[n=9,m=1]",RRBAv5.v:210
94,1RB1LE_1LC1LF_1RA1RD_0RD0RB_---0LC_0LF0LE,"MITM-WFAR[n=9,m=1]",RRBAv5.v:522
95,1RB1RE_1LC1LF_0LA1RD_0RE0RB_0RD---_0LF0LC,-,RRBAv4.v:1009
96,1RB0LD_1LC---_0LC1LD_1RE0LA_0RB1RF_0RF0RE,"MitM-CTL/NG[n=1,maxT=30000,NG_n=3,chr_H=2,chr_LRUH=6,chr_asth=1]",-
97,1RB0LA_1LC0RE_0LC1LD_1RE1LA_---1RF_0RF0RB,"MitM-CTL/NG[n=1,maxT=100000,NG_n=2,chr_H=4,chr_LRUH=4,chr_asth=1]",-
98,1RB0RA_1LC---_0RE1LD_1RE0LC_0LD0RF_0RB1RA,"MitM-CTL/NG[n=1,maxT=30000,NG_n=3,chr_H=2,chr_LRUH=6,chr_asth=1]",-
99,1RB0RA_1LC1RA_1LF1LD_1RE0LC_0RB0LF_---0LD,"MitM-CTL/NG[n=1,maxT=100000,NG_n=2,chr_H=4,chr_LRUH=4,chr_asth=1]",-
100,1RB0RA_1LC1RA_0RE1LD_1RE0LF_0LD0RB_0LC---,"MitM-CTL/NG[n=1,maxT=30000,NG_n=3,chr_H=2,chr_LRUH=6,chr_asth=1]",-
101,1RB1LF_1LC0LD_0LF1LD_1RE0RB_0RE0RA_0LC---,-,RRBAv4.v:3448
102,1RB---_1LC0LE_0LC1LD_1LE0LD_1RF---_0RF0RB,"FAR/RWL_mod[n=1,maxT=100000,H=1,mnc=2,mod=4](on-mirror)",FARv3.v:54 (mirror)
103,1RB0LD_1LC0RF_1RF1LD_1LE---_0LC0LE_0RB0RA,"MitM-CTL/NG[n=1,maxT=100000,NG_n=2,chr_H=4,chr_LRUH=4,chr_asth=1]",CTLv1.v:6126
104,1RB0LD_1LC0RB_0RF1LD_1LE---_0LC0LE_1RF0RA,"MitM-CTL/NG[n=1,maxT=100000,NG_n=2,chr_H=4,chr_LRUH=4,chr_asth=1]",CTLv1.v:7452
105,1RB---_1LC0LE_0LC1LD_1LE0LD_1LA1RF_0RF0RB,"FAR/RWL_mod[n=1,maxT=100000,H=1,mnc=2,mod=6](on-mirror)",FARv3.v:480 (mirror)
106,1RB0RA_1LC---_1RE1LD_0RE0LD_0LC1RF_0RB1RA,"MitM-CTL/NG[n=1,maxT=30000,NG_n=3,chr_H=2,chr_LRUH=6,chr_asth=1]",-
107,1RB0RA_1LC1RA_1LF1LD_0RE0LC_0RB0LF_0LD---,"MitM-CTL/NG[n=1,maxT=100000,NG_n=2,chr_H=4,chr_LRUH=4,chr_asth=1]",-
108,1RB0RA_1LC1RE_1RA1LD_0RE1LF_---0LF_0LC0RB,"MitM-CTL/NG[n=1,maxT=100000,NG_n=2,chr_H=4,chr_LRUH=4,chr_asth=1]",CTLv1.v:11691
109,1RB0LD_1LC1RF_0LC1LD_0RE0LA_---1LA_0RF0RB,"MitM-CTL/RWL_mod[n=2,maxT=30000,H=4,mnc=2,mod=1]",CPS_LRU_v1.v:33069
110,1RB0RA_1LC---_---1LD_0LE0LD_0RF0LC_1RF1RA,"MitM-CTL/RWL_mod[n=2,maxT=30000,H=4,mnc=2,mod=1]",-
111,1RB0LD_1LC0RB_0RF1LD_0LE---_0LC1LE_0RA1RF,"MitM-CTL/NG[n=1,maxT=100000,NG_n=2,chr_H=4,chr_LRUH=4,chr_asth=1]",CTLv1.v:15273
112,1RB---_1LC0RF_0RE1LD_0LC0LD_1RE1RF_1RA0RB,"MitM-CTL/CPS_LRU[n=4,maxT=10000,LRUH=4,H=0,tH=1]",RWL_mod_v3.v:51816
113,1RB0RB_1LC0RA_0RE1LD_0LC0LD_1RE0LF_---1RA,"MitM-CTL/RWL_mod[n=2,maxT=30000,H=4,mnc=2,mod=1]",-
114,1RB1RF_1LC---_0RE1LD_0LC0LD_1RE1RA_0RB0RF,"MitM-CTL/CPS_LRU[n=2,maxT=100000,sim=1001,LRUH=16,H=1,tH=1]",-
115,1RB0LF_1LC---_0RE1LD_0LC0LD_1RE1RA_---0RB,"MitM-CTL/RWL_mod[n=2,maxT=30000,H=4,mnc=2,mod=1]",-
116,1RB0RB_1LC1LF_0RE1LD_0LC0LD_1RE1RA_0RA---,"MitM-CTL/RWL_mod[n=1,maxT=100000,sim=1001,H=2,mnc=2,mod=6]",RWL_mod_v5.v:3848
117,1RB0LA_1LC1RE_1LA1LD_0LC1RF_0RF0RB_---0RE,"MitM-CTL/NG[n=1,maxT=100000,NG_n=2,chr_H=4,chr_LRUH=4,chr_asth=1]",CTLv1.v:16044
118,1RB1RE_1LC0RB_0RA1LD_0LC0LF_1RA1LF_---0LD,"MitM-CTL/NG[n=1,maxT=100000,NG_n=2,chr_H=4,chr_LRUH=4,chr_asth=1]",CTLv1.v:3054
119,1RB0RE_1LC0RB_0RA1LD_0LC0LF_1RA1LF_0LD---,"MitM-CTL/NG[n=1,maxT=100000,NG_n=2,chr_H=4,chr_LRUH=4,chr_asth=1]",CTLv1.v:7959
120,1RB0LC_1LC1RE_0RF1LD_0RB0LD_1LA0RE_---0LA,-,Eqv_v2.v:17169 (mirror)
121,1RB0LC_1LC1RE_0LA1LD_1LA0RE_---1RF_0RB0RF,"MitM-CTL/NG[n=1,maxT=100000,NG_n=2,chr_H=4,chr_LRUH=4,chr_asth=1]",CTLv1.v:17181
122,1RB0LA_1LC1RE_0LC1LD_1LA0RE_---1RF_0RF0RB,"MitM-CTL/NG[n=1,maxT=100000,NG_n=2,chr_H=4,chr_LRUH=4,chr_asth=1]",CTLv1.v:6423
123,1RB0LC_1LC0RE_0LA1LD_1LA1RE_---1RF_0RB0RF,"MitM-CTL/NG[n=1,maxT=30000,NG_n=3,chr_H=2,chr_LRUH=6,chr_asth=1]",-
124,1RB0LA_1LC0RE_0LC1LD_1LA1RE_---1RF_0RF0RB,"MitM-CTL/NG[n=1,maxT=30000,NG_n=3,chr_H=2,chr_LRUH=6,chr_asth=1]",-
125,1RB1LF_1LC0RE_1LA0RD_0LF1RE_0RB0LA_0LC---,"MitM-CTL/NG[n=1,maxT=100000,NG_n=2,chr_H=4,chr_LRUH=4,chr_asth=1]",CTLv1.v:15933
126,1RB0RF_1LC0RB_0LA0RD_---0LE_1LA1LE_1RD1RF,-,Eqv_v2.v:6689 (mirror)
127,1RB1RD_1LC0RA_1LE0RD_---0RB_1RA1LF_0LE0LF,"MitM-CTL/NG[n=1,maxT=100000,NG_n=2,chr_H=4,chr_LRUH=4,chr_asth=1]",-
128,1RB0RF_1LC1RD_1LE0RD_---0RB_0LA0LE_1RF1LA,"MitM-CTL/NG[n=1,maxT=100000,NG_n=2,chr_H=4,chr_LRUH=4,chr_asth=1]",-
129,1RB0RF_1LC1LA_1LE0RD_---0RB_0LA0LE_1RF1RD,"MitM-CTL/NG[n=1,maxT=100000,NG_n=2,chr_H=4,chr_LRUH=4,chr_asth=1]",-
130,1RB---_1LC1LD_0RE0LD_1RE0LC_1RF1RA_0RB0RF,-,RRBAv4.v:3745
131,1RB0LA_1LC0RE_0LC0LD_1RE1LA_1RF---_0RF0RB,"MitM-CTL/NG[n=1,maxT=100000,NG_n=2,chr_H=4,chr_LRUH=4,chr_asth=1]",-
132,1RB0RA_1LC---_0LC0LD_1RE0RB_0RF---_0RE1RA,"MitM-CTL/NG[n=1,maxT=30000,NG_n=3,chr_H=2,chr_LRUH=6,chr_asth=1]",-
133,1RB0RA_1LC1RA_0LF0LD_1RE0RB_0RE1LD_0LC---,"MitM-CTL/NG[n=1,maxT=30000,NG_n=3,chr_H=2,chr_LRUH=6,chr_asth=1]",-
134,1RB0RA_1LC---_0LC0LD_1RE0RB_0RE1RA_------,"FAR/RWL_mod[n=1,maxT=100000,H=1,mnc=1,mod=2]",FARv3.v:39
135,1RB1LD_1LC0RF_1RF0LD_1LE---_0LC0LE_0RB0RA,"MitM-CTL/NG[n=1,maxT=30000,NG_n=3,chr_H=2,chr_LRUH=6,chr_asth=1]",-
136,1RB1LD_1LC0RF_1RF0LD_1LE---_0LC0LE_0RA0RB,"MitM-CTL/NG[n=1,maxT=30000,NG_n=3,chr_H=2,chr_LRUH=6,chr_asth=1]",-
137,1RB1LD_1LC0RB_0RF0LD_1LE---_0LC0LE_1RF0RA,"MitM-CTL/NG[n=1,maxT=30000,NG_n=3,chr_H=2,chr_LRUH=6,chr_asth=1]",-
138,1RB1RA_1LC0RF_0RA0LD_1LE1LD_0LC---_0RB0LE,"MitM-CTL/NG[n=1,maxT=100000,NG_n=2,chr_H=4,chr_LRUH=4,chr_asth=1]",-
139,1RB---_1LC1LD_1RE0LD_0RE0LC_1RF---_0RA1RA,-,RRBAv5.v:4389
140,1RB0RA_1LC1RE_1RA0LD_0RE1LF_0LF---_0LC0RB,"MitM-CTL/NG[n=1,maxT=100000,NG_n=2,chr_H=4,chr_LRUH=4,chr_asth=1]",CTLv1.v:15672
141,1RB---_1LC1LF_---0LD_0RE0RA_1RE1RA_0LC0LF,"MITM-WFAR[n=10,m=1]",RRBAv5.v:2610
142,1RB---_1LC0RB_1RF0LD_0LE1LD_0LC1RA_0RA0RF,"MitM-CTL/NG[n=1,maxT=100000,NG_n=2,chr_H=4,chr_LRUH=4,chr_asth=1]",-
143,1RB1RF_1LC0RF_1LD0LD_0LE1LE_1LA---_0LC0RB,-,RRBAv4.v:3658
144,1RB1LE_1LC1RF_1RA0LD_0LC0RB_0RF1LD_---0RA,"MitM-CTL/NG[n=1,maxT=100000,NG_n=2,chr_H=4,chr_LRUH=4,chr_asth=1]",CTLv1.v:16146
145,1RB0LE_1LC1RF_1RA0LD_0LC0RB_0RF1LD_0RA---,"MitM-CTL/NG[n=1,maxT=100000,NG_n=2,chr_H=4,chr_LRUH=4,chr_asth=1]",CTLv1.v:8100
146,1RB0LA_1LC1RE_1LA0LD_0LC1RF_0RF0RB_0RE---,"MitM-CTL/NG[n=1,maxT=100000,NG_n=2,chr_H=4,chr_LRUH=4,chr_asth=1]",CTLv1.v:2226
147,1RB0RA_1LC0RB_0LE0LD_1RA1LF_0LC0LF_---1LD,-,RRBAv3.v:755
148,1RB0LC_1LC1RE_0LA0LD_1LA0RE_1RF---_0RB0RF,"MitM-CTL/NG[n=1,maxT=100000,NG_n=2,chr_H=4,chr_LRUH=4,chr_asth=1]",CTLv1.v:3762
149,1RB0LA_1LC1RE_0LC0LD_1LA0RE_1RF---_0RF0RB,"MitM-CTL/NG[n=1,maxT=100000,NG_n=2,chr_H=4,chr_LRUH=4,chr_asth=1]",CTLv1.v:15051
150,1RB---_1LC1RE_0LC0LD_1LA1LF_0RE0RB_0LA0LF,"FAR/RWL_mod[n=1,maxT=100000,H=1,mnc=2,mod=4](on-mirror)",FARv3.v:231 (mirror)
151,1RB0LC_1LC0RE_0LA0LD_1LA1RE_1RF---_0RB0RF,"MitM-CTL/NG[n=1,maxT=30000,NG_n=3,chr_H=2,chr_LRUH=6,chr_asth=1]",-
152,1RB0LA_1LC0RE_0LC0LD_1LA1RE_1RF---_0RF0RB,"MitM-CTL/NG[n=1,maxT=30000,NG_n=3,chr_H=2,chr_LRUH=6,chr_asth=1]",-
153,1RB---_1LC0RD_1RD0LC_1LE1RA_0RB0LF_0LE0RA,"MitM-CTL/NG[n=1,maxT=100000,NG_n=2,chr_H=4,chr_LRUH=4,chr_asth=1]",CTLv1.v:13872
154,1RB---_1LC0RB_1RD0LC_1LE1RF_0RA0LE_1RA---,"MitM-CTL/NG[n=1,maxT=30000,NG_n=3,chr_H=2,chr_LRUH=6,chr_asth=1]",-
155,1RB---_1LC0RB_1RD0LC_1LE1RA_0RA0LE_------,"MitM-CTL/NG[n=1,maxT=30000,NG_n=3,chr_H=2,chr_LRUH=6,chr_asth=1]",-
156,1RB---_1LC0RE_1RD0LC_0RB1LF_0RD1LA_0LA0LF,"MitM-CTL/NG[n=1,maxT=30000,NG_n=3,chr_H=2,chr_LRUH=6,chr_asth=1]",-
157,1RB1RA_1LC0LE_1RD0LC_0RB0LF_1LF1LE_---0RA,-,Eqv_v2.v:6690; RRBAv4.v:1081
158,1RB0LA_1LC1RE_1LD0LC_0RE1LA_---1RF_0RF0RB,"MitM-CTL/NG[n=1,maxT=30000,NG_n=3,chr_H=2,chr_LRUH=6,chr_asth=1]",-
159,1RB---_1LC0RF_1LD0LC_0RE0LA_1RF1LA_0RB0LD,"MitM-CTL/NG[n=1,maxT=100000,NG_n=2,chr_H=4,chr_LRUH=4,chr_asth=1]",CTLv1.v:15675
160,1RB0RE_1LC---_1LD0LC_1RA0LF_1RE0RA_0LD0RB,"MitM-CTL/NG[n=1,maxT=100000,NG_n=2,chr_H=4,chr_LRUH=4,chr_asth=1]",-
161,1RB---_1LC1LF_0RD0LC_1RE1RA_0RB0RE_1RD0LF,-,RRBAv4.v:1894
162,1RB---_1LC1LF_0RD0LC_1RE---_0RA1RA_1RD0LF,-,RRBAv5.v:4419
163,1RB1LF_1LC1LE_0RD0LC_0RB1RA_1RD0LF_---0LE,-,RRBAv4.v:3235
164,1RB1LF_1LC0RE_0RD0LC_0RB1RA_1RD---_1RE0LF,-,RRBAv4.v:4066
165,1RB1LE_1LC1LF_0RD0LC_0RA1RA_1RD0LF_---0LE,-,RRBAv4.v:3946
166,1RB0LA_1LC1RE_0LD0LC_0RE1LA_1RF---_0RF0RB,"MitM-CTL/NG[n=1,maxT=30000,NG_n=3,chr_H=2,chr_LRUH=6,chr_asth=1]",-
167,1RB0RA_1LC---_0LD0LC_0RE1RA_1RF1LD_1RE---,"MitM-CTL/NG[n=1,maxT=30000,NG_n=3,chr_H=2,chr_LRUH=6,chr_asth=1]",-
168,1RB1LD_1LC---_0LD0LC_0RE1RA_1RF0RA_1RE---,"MitM-CTL/NG[n=1,maxT=30000,NG_n=3,chr_H=2,chr_LRUH=6,chr_asth=1]",-
169,1RB---_1LC---_0LD0LC_0RE1RA_1RE1RF_0RA0RF,"MitM-CTL/RWL_mod[n=1,maxT=100000,sim=1001,H=2,mnc=1,mod=3]",CTLv1.v:23403
170,1RB0RF_1LC---_0LD0LC_0RE1RA_1RE1RF_0RA1LD,"MitM-CTL/RWL_mod[n=1,maxT=100000,sim=1001,H=2,mnc=1,mod=3]",CTLv1.v:22746
171,1RB---_1LC---_0LD0LC_0RE1RF_1RE0RF_1RA1LD,"MitM-CTL/RWL_mod[n=1,maxT=100000,sim=1001,H=2,mnc=1,mod=3]",CTLv1.v:19986
172,1RB---_1LC---_0LD0LC_0RE1RF_1RE1LD_1RA0RF,"MitM-CTL/RWL_mod[n=1,maxT=100000,sim=1001,H=2,mnc=1,mod=3]",CTLv1.v:24021
173,1RB1RF_1LC---_0LD0LC_0RE1RA_1RE1LD_0RA0RF,"MitM-CTL/RWL_mod[n=1,maxT=100000,sim=1001,H=2,mnc=1,mod=3]",CTLv1.v:19575
174,1RB0RA_1LC---_0LD0LC_0RE1RA_1RE1LD_------,"MitM-CTL/CPS_LRU[n=2,maxT=100000,sim=1001,LRUH=16,H=1,tH=1]",-
175,1RB1LF_1LC0RA_0LD0LC_0RE1RA_1RE0RB_1LD---,"MitM-CTL/RWL_mod[n=2,maxT=300000,sim=1001,H=4,mnc=1,mod=5]",RWL_mod_v5.v:4121
176,1RB1LF_1LC1LD_0LD0LC_0RE1RA_1RE0RA_0RB---,"MitM-CTL/CPS_LRU[n=2,maxT=100000,sim=1001,LRUH=16,H=1,tH=1]",-
177,1RB1LD_1LC---_0LD0LC_0RE1RA_1RE0RA_------,"MitM-CTL/CPS_LRU[n=2,maxT=100000,sim=1001,LRUH=16,H=1,tH=1]",-
178,1RB0LA_1LC0RE_0LD0LC_1LA---_0RF1RE_0RB1LD,"MitM-CTL/NG[n=1,maxT=100000,NG_n=2,chr_H=4,chr_LRUH=4,chr_asth=1]",-
179,1RB0RA_1LC0LD_0RB0LC_0LE---_0RF1RA_1RF1LE,"MitM-CTL/CPS_LRU[n=2,maxT=100000,sim=1001,LRUH=16,H=1,tH=1]",-
180,1RB1LE_1LC0LD_0RB0LC_0LE---_0RF1RA_1RF0RA,"MitM-CTL/CPS_LRU[n=2,maxT=100000,sim=1001,LRUH=16,H=1,tH=1]",-
181,1RB1LD_1LC0RA_0RB0LC_0LE0LD_0RF---_1RF1RA,"MitM-CTL/RWL_mod[n=2,maxT=30000,H=4,mnc=2,mod=1]",-
182,1RB0LD_1LC0RA_0RB0LC_1LE1LD_0RF---_1RA1RF,"MitM-CTL/RWL_mod[n=2,maxT=30000,H=4,mnc=2,mod=1]",-
183,1RB1LE_1LC1RD_1LA0LC_0LE1RF_---0RF_0RB0LA,"MitM-CTL/NG[n=1,maxT=100000,NG_n=2,chr_H=4,chr_LRUH=4,chr_asth=1]",CTLv1.v:16281
184,1RB1LE_1LC0RD_1LA0LC_0LE1RF_0RF---_0RB0LA,"MitM-CTL/NG[n=1,maxT=100000,NG_n=2,chr_H=4,chr_LRUH=4,chr_asth=1]",CTLv1.v:15216
185,1RB0LF_1LC0RD_1LA0LC_1RD1RE_0RB---_0LA0RE,"MitM-CTL/NG[n=1,maxT=100000,NG_n=2,chr_H=4,chr_LRUH=4,chr_asth=1]",CTLv1.v:16377
186,1RB1LF_1LC1LD_0RE0RB_0LC0LF_1RE1RA_---0LD,-,RRBAv4.v:3274
187,1RB1RD_1LC0RA_0LE1RA_0RB1LF_0LF0LC_---1LE,-,RRBAv4.v:4051
188,1RB1LD_1LC1LF_0LC1RA_---1RE_0RE0RB_0LF0LD,"MITM-WFAR[n=9,m=1]",RRBAv5.v:183
189,1RB1LD_1LC---_0RE1RA_0LC0LD_1RE1RF_0RA0RF,"MitM-CTL/RWL_mod[n=1,maxT=100000,sim=1001,H=2,mnc=1,mod=3]",CTLv1.v:19527
190,1RB0RD_1LC1LF_0LC1RA_0RB1LE_0LF---_0LE0RA,-,RRBAv4.v:1813
191,1RB0LD_1LC0LF_0LC1RA_---1RE_0RB0RE_1LF1LD,-,RRBAv4.v:1243
192,1RB0RB_1LC1LF_0LD1RA_0LC1RE_0RA---_0LF0RE,-,RRBAv4.v:5059
193,1RB0LF_1LC1RD_0LC1LA_0RD0RE_0RB---_1RE0LA,"MitM-CTL/NG[n=1,maxT=100000,NG_n=2,chr_H=4,chr_LRUH=4,chr_asth=1]",-
194,1RB0LF_1LC1RD_0LC1LA_0RD0RE_0RB---_0LA1RE,"MitM-CTL/NG[n=1,maxT=100000,NG_n=2,chr_H=4,chr_LRUH=4,chr_asth=1]",CTLv1.v:5619
195,1RB0LF_1LC1RD_---1LA_---0RE_0LA1RE_0RD1LF,"MitM-CTL/CPS_LRU[n=2,maxT=100000,sim=1001,LRUH=16,H=1,tH=1]",-
196,1RB1LF_1LC1RD_---1LA_1RE0RD_0LA0RE_0LF0LC,"MitM-CTL/NG[n=1,maxT=30000,NG_n=3,chr_H=2,chr_LRUH=6,chr_asth=1]",-
197,1RB0LA_1LC1RD_1LE1LA_0RF0RB_0LC1RF_---0RD,"MitM-CTL/NG[n=1,maxT=30000,NG_n=3,chr_H=2,chr_LRUH=6,chr_asth=1]",-
198,1RB0LA_1LC1RD_0LE1LA_0RF0RB_0LC1RF_0RD---,"MitM-CTL/NG[n=1,maxT=30000,NG_n=3,chr_H=2,chr_LRUH=6,chr_asth=1]",-
199,1RB0LF_1LC0RD_---1LA_0LA1RE_0LC1RD_0RB1LF,-,RRBAv4.v:1900
200,1RB1LF_1LC0RD_---1LA_1RE1RD_0LA0RE_0LC0LF,"MitM-CTL/NG[n=1,maxT=30000,NG_n=3,chr_H=2,chr_LRUH=6,chr_asth=1]",-
201,1RB1RF_1LC0RB_1LD1LA_1RE0LA_0LD0RE_---0LC,"MitM-CTL/NG[n=1,maxT=30000,NG_n=3,chr_H=2,chr_LRUH=6,chr_asth=1]",-
202,1RB1LD_1LC---_---0RA_0LE0LD_0RF0LC_1RF1RA,"MitM-CTL/CPS_LRU[n=2,maxT=100000,sim=1001,LRUH=16,H=1,tH=1]",-
203,1RB1LD_1LC1LF_0RE0RA_0LC0LF_1RE1RA_---0LD,-,RRBAv4.v:3121
204,1RB---_0RC1RC_1RD---_1LE1LF_1RA0LF_0RA0LE,-,RRBAv5.v:4380
205,1RB1RC_0RC---_1RD1LF_1LE---_0RB0LE_1RA0LF,-,RRBAv5.v:4329
206,1RB0LF_0RC1RC_1RD1LA_1LE1LF_0RB0LE_---0LA,-,RRBAv4.v:499
207,1RB---_0RC1RC_1RD---_1LE1LF_0RA0LE_1RA0LF,-,RRBAv5.v:4377
208,1RB0LF_0RC1LE_1RD---_0LE0RD_0RB1LA_1RC0LA,"MitM-CTL/NG[n=1,maxT=100000,NG_n=2,chr_H=4,chr_LRUH=4,chr_asth=1]",-
209,1RB0LF_0RC1LE_1RD---_0LE0RB_0RD1LA_1RC0LA,"MitM-CTL/NG[n=1,maxT=100000,NG_n=2,chr_H=4,chr_LRUH=4,chr_asth=1]",-
210,1RB1LE_0RC0RB_1RD0LE_1LA0RD_0LF---_1LF0LA,"MitM-CTL/NG[n=1,maxT=100000,NG_n=2,chr_H=4,chr_LRUH=4,chr_asth=1]",CTLv1.v:15408
211,1RB0LE_0RC0RB_1RD---_1LA0RD_0LF1LE_0LA1RC,"MitM-CTL/NG[n=1,maxT=100000,NG_n=2,chr_H=4,chr_LRUH=4,chr_asth=1]",-
212,1RB1LE_0RC1RC_1RD0LE_0LA0RD_1LF0LF_---1LA,"MitM-CTL/NG[n=1,maxT=100000,NG_n=2,chr_H=4,chr_LRUH=4,chr_asth=1]",CTLv1.v:16611
213,1RB1RA_0RC0LE_1LD0RB_1LE---_0RA1LF_0LD0LF,"MitM-CTL/NG[n=1,maxT=100000,NG_n=2,chr_H=4,chr_LRUH=4,chr_asth=1]",-
214,1RB1LF_0RC0LE_1LD0RB_1LE0LD_0RA0LF_1RC---,"MitM-CTL/NG[n=1,maxT=100000,NG_n=2,chr_H=4,chr_LRUH=4,chr_asth=1]",CTLv1.v:3333
215,1RB0LD_0RC0LE_1LD1RF_1LE1LA_---0LA_1RC0RF,"MitM-CTL/NG[n=1,maxT=100000,NG_n=2,chr_H=4,chr_LRUH=4,chr_asth=1]",-
216,1RB1LA_0RC0LD_1LD1RF_1LE0RB_---0LA_0LE1RC,-,RRBAv4.v:268
217,1RB1LE_0RC0LF_1LD0RB_0LE---_0RA1LF_0LD1RA,"MitM-CTL/NG[n=1,maxT=100000,NG_n=2,chr_H=4,chr_LRUH=4,chr_asth=1]",-
218,1RB0RA_0RC0RB_1LD---_0LE1RA_1RC0LF_0LD1LF,"MitM-CTL/NG[n=1,maxT=30000,NG_n=3,chr_H=2,chr_LRUH=6,chr_asth=1]",-
219,1RB0RA_0RC---_1LD0LF_0LE1RA_1RC1LE_0RB0LD,"MitM-CTL/NG[n=1,maxT=30000,NG_n=3,chr_H=2,chr_LRUH=6,chr_asth=1]",-
220,1RB1LF_0RC0LF_1LD0RB_0LE---_0RA1LE_0LD1RA,"MitM-CTL/NG[n=1,maxT=100000,NG_n=2,chr_H=4,chr_LRUH=4,chr_asth=1]",-
221,1RB---_0RC0RB_1LD1RA_0LE0LF_1RC0LD_1LE0RA,"MitM-CTL/NG[n=1,maxT=100000,NG_n=2,chr_H=4,chr_LRUH=4,chr_asth=1]",CTLv1.v:16059
222,1RB---_0RC0RB_1LD0RA_0LE0LF_1RC0LD_1LE1RA,"MitM-CTL/NG[n=1,maxT=30000,NG_n=3,chr_H=2,chr_LRUH=6,chr_asth=1]",-
223,1RB0RB_0RC0RA_1LD---_0LE0LD_0RF1RC_1RF1RA,"MitM-CTL/RWL_mod[n=2,maxT=300000,sim=1001,H=4,mnc=1,mod=5]",RWL_mod_v5.v:4127
224,1RB0RA_0RC1RC_1LD---_0LE0LD_0RF1RA_1RF1LE,"MitM-CTL/RWL_mod[n=1,maxT=100000,sim=1001,H=3,mnc=2,mod=4]",CTLv1.v:68334
225,1RB1LE_0RC1RC_1LD---_0LE0LD_0RF1RA_1RF0RA,"MitM-CTL/RWL_mod[n=1,maxT=100000,sim=1001,H=3,mnc=2,mod=4]",CTLv1.v:2913
226,1RB0LE_0RC---_1LD1RF_0LD1LE_1RC0LA_0RF0RB,"MitM-CTL/NG[n=1,maxT=100000,NG_n=2,chr_H=4,chr_LRUH=4,chr_asth=1]",-
227,1RB---_0RC1RF_1LD1LA_0LD1LE_0LA0LE_0RF0RB,"MitM-CTL/NG[n=1,maxT=30000,NG_n=3,chr_H=2,chr_LRUH=6,chr_asth=1]",CTLv1.v:58116
228,1RB0RA_0RC1RA_1LD---_0LD0LE_1RF0RB_0RF1LE,"FAR/RWL_mod[n=1,maxT=100000,H=1,mnc=1,mod=3]",FARv3.v:468
229,1RB0RA_0RC---_1LD---_0LD0LE_1RF0RB_0RF1RA,"FAR/RWL_mod[n=1,maxT=100000,H=1,mnc=1,mod=3]",FARv3.v:462
230,1RB0RB_0RC1LE_1LD1LF_0LD1RA_0LF0RA_0LE---,-,RRBAv4.v:2053
231,1RB0LA_0RC1RE_1LD1LF_0LD1LA_0RE0LF_0RB---,"MitM-CTL/NG[n=1,maxT=30000,NG_n=3,chr_H=2,chr_LRUH=6,chr_asth=1]",-
232,1RB0LF_0RC1RE_1LD---_0LD1LA_0RE0RB_1RC0LA,"MitM-CTL/NG[n=1,maxT=30000,NG_n=3,chr_H=2,chr_LRUH=6,chr_asth=1]",-
233,1RB0LF_0RC1RE_1LD---_0LD1LA_0RE0RB_0LA1RC,"MitM-CTL/NG[n=1,maxT=30000,NG_n=3,chr_H=2,chr_LRUH=6,chr_asth=1]",-
234,1RB0LF_0RC0RE_1LD---_0LD1LA_1RE0RB_0LA1RC,"MitM-CTL/NG[n=1,maxT=100000,NG_n=2,chr_H=4,chr_LRUH=4,chr_asth=1]",-
235,1RB---_0RC1RE_1LD---_0RB0LD_1RC1LF_1RA0LF,-,RRBAv5.v:4320
236,1RB0LF_0RC1RE_1LD1LA_0RB0LD_1RC1LF_---0LA,-,RRBAv4.v:4768
237,1RB---_0RC1RC_1LD1LF_0RB0LE_0RA0LD_1RA0LF,-,RRBAv4.v:3319
238,1RB1RE_0RC---_1LD1LF_0RA0LF_1RC---_1RA0LD,-,RRBAv5.v:3810
239,1RB1RE_0RC---_1LD1LF_0RA0LD_1RC---_1RA0LF,-,RRBAv5.v:3264
240,1RB1RC_0RC---_1LD1LF_0RA0LE_0RB0LD_1RA0LF,-,RRBAv4.v:688
241,1RB1RC_0RC1LE_1LD1LF_0RA0LD_---1RA_0LE0LF,"MITM-WFAR[n=9,m=1]",RRBAv5.v:1407
242,1RB1LA_0RC0RE_1LD1RF_0LA0LD_0RF0RB_---1RC,-,RRBAv3.v:1289
243,1RB1RD_0RC0RB_0RD---_0LE1LA_1LE0LF_1RC0LA,"MitM-CTL/NG[n=1,maxT=100000,NG_n=2,chr_H=4,chr_LRUH=4,chr_asth=1]",-
244,1RB0LF_0RC0RB_0RD---_0LE1LA_1LE1RD_1RC0LA,"MitM-CTL/NG[n=1,maxT=100000,NG_n=2,chr_H=4,chr_LRUH=4,chr_asth=1]",-
245,1RB0LF_0RC0RB_0RD1LA_0LE---_1LE0LA_1RD1RC,"MitM-CTL/NG[n=1,maxT=30000,NG_n=3,chr_H=2,chr_LRUH=6,chr_asth=1]",-
246,1RB0LF_0RC0RB_0RD1LA_0LE---_1LE0LA_1RC1RD,"MitM-CTL/NG[n=1,maxT=30000,NG_n=3,chr_H=2,chr_LRUH=6,chr_asth=1]",-
247,1RB0LA_0RC1LD_0LD1RF_1RE1LA_1RC---_0RE0RF,"MitM-CTL/NG[n=1,maxT=30000,NG_n=3,chr_H=2,chr_LRUH=6,chr_asth=1]",-
248,1RB0LA_0RC0RF_0LD1LA_1LE1RC_1LD1RF_---0RB,"MitM-CTL/NG[n=1,maxT=30000,NG_n=3,chr_H=2,chr_LRUH=6,chr_asth=1]",-
249,1RB1RC_0RC0RF_0LD1LA_1LE0LA_1LD1RF_---0RB,"MitM-CTL/NG[n=1,maxT=30000,NG_n=3,chr_H=2,chr_LRUH=6,chr_asth=1]",-
250,1RB0RA_0RC0LE_0LD1RA_1LE---_0LF1LF_0RB1LD,"MitM-CTL/NG[n=1,maxT=100000,NG_n=2,chr_H=4,chr_LRUH=4,chr_asth=1]",CTLv1.v:15585
251,1RB---_0RC0RB_0LD1LA_1LE---_1LD1LF_0LA0LF,"MitM-CTL/NG[n=1,maxT=30000,NG_n=3,chr_H=2,chr_LRUH=6,chr_asth=1]",-
252,1RB1LD_0RC0RB_0LD1LA_1LE---_1RC1LF_0LA0LF,"MitM-CTL/NG[n=1,maxT=30000,NG_n=3,chr_H=2,chr_LRUH=6,chr_asth=1]",-
253,1RB0LE_0RC---_0LD1RF_1LE1RC_0LA0RF_0RB1LD,"MitM-CTL/NG[n=1,maxT=100000,NG_n=2,chr_H=4,chr_LRUH=4,chr_asth=1]",-
254,1RB0LE_0RC---_0LD1RC_1LE1RF_0LA0RF_0RB1LD,"MitM-CTL/NG[n=1,maxT=100000,NG_n=2,chr_H=4,chr_LRUH=4,chr_asth=1]",-
255,1RB1RA_0RC---_0LD0RA_1LE1LD_1RC0LF_0LE0RB,"MitM-CTL/NG[n=1,maxT=100000,NG_n=2,chr_H=4,chr_LRUH=4,chr_asth=1]",-
256,1RB0LA_0RC1RF_0LD0RF_1LE1RC_1LA1LD_---0RB,"MitM-CTL/NG[n=1,maxT=100000,NG_n=2,chr_H=4,chr_LRUH=4,chr_asth=1]",-
257,1RB1LF_0RC0RB_0LD1LA_1LE---_1LD1RC_0LA0LF,"MitM-CTL/NG[n=1,maxT=30000,NG_n=3,chr_H=2,chr_LRUH=6,chr_asth=1]",-
258,1RB1LD_0RC---_0LD1RA_1LE0LF_1RC0RA_0RB0LE,"MitM-CTL/NG[n=1,maxT=100000,NG_n=2,chr_H=4,chr_LRUH=4,chr_asth=1]",-
259,1RB0RF_0RC0RB_0LD1RF_1LE---_1LD0LA_1LA0LE,-,RRBAv4.v:3832
260,1RB1LD_0RC0RB_0LD1RF_1LE---_0LE0LA_1LA0RF,"MitM-CTL/NG[n=1,maxT=30000,NG_n=3,chr_H=2,chr_LRUH=6,chr_asth=1]",-
261,1RB1RC_0RC---_0LD0RA_0LE0RB_1RA1LF_1LE0LF,"MitM-CTL/NG[n=1,maxT=100000,NG_n=2,chr_H=4,chr_LRUH=4,chr_asth=1]",-
262,1RB---_0RC0RB_0LD1RA_0LE1LD_0RA1LF_1RC0LF,"MitM-CTL/NG[n=1,maxT=30000,NG_n=3,chr_H=2,chr_LRUH=6,chr_asth=1]",-
263,1RB---_0RC0RA_0LD0RB_0LE0LF_1RC1LD_1LE1RA,-,RRBAv4.v:1192
264,1RB---_0RC0RB_0LD1LA_1LD1LE_1LF0LF_0LA0LE,"MitM-CTL/RWL_mod[n=2,maxT=300000,sim=1001,H=4,mnc=1,mod=5]",RWL_mod_v5.v:4034
265,1RB---_0RC0RB_0LD1LF_1LD1LE_0LF0LE_1LA---,"MitM-CTL/RWL_mod[n=1,maxT=100000,sim=1001,H=2,mnc=1,mod=3]",CTLv1.v:20529
266,1RB---_0RC0RB_0LD1LF_1LD1LE_0LF1RC_1LA0LE,"MitM-CTL/RWL_mod[n=1,maxT=100000,sim=1001,H=2,mnc=1,mod=3]",CTLv1.v:22605
267,1RB0LE_0RC---_0LD1RF_1LD1LE_1RC0LA_0RB0RF,"MitM-CTL/NG[n=1,maxT=100000,NG_n=2,chr_H=4,chr_LRUH=4,chr_asth=1]",-
268,1RB---_0RC1RF_0LD1LA_1LD1LE_0LA0LE_0RB0RF,"MitM-CTL/NG[n=1,maxT=30000,NG_n=3,chr_H=2,chr_LRUH=6,chr_asth=1]",-
269,1RB---_0RC0RF_0LD1LA_1LD1LE_0LA0LE_---0RB,"MitM-CTL/NG[n=1,maxT=30000,NG_n=3,chr_H=2,chr_LRUH=6,chr_asth=1]",-
270,1RB---_0RC0RB_0LD1LA_1LD1LE_0LA1LF_0LE0LF,"MitM-CTL/RWL_mod[n=2,maxT=300000,sim=1001,H=4,mnc=1,mod=5]",RWL_mod_v5.v:4130
271,1RB---_0RC0RB_0LD1LA_1LD1LE_0LA0LE_------,"MitM-CTL/CPS_LRU[n=2,maxT=100000,sim=1001,LRUH=16,H=1,tH=1]",-
272,1RB1RC_0RC1LE_0LD---_1LD0LE_1RF0LA_0RB0RF,"MitM-CTL/NG[n=1,maxT=30000,NG_n=3,chr_H=2,chr_LRUH=6,chr_asth=1]",-
273,1RB---_0RC0RB_0LD1RA_1LD0LE_1LF0RA_1RC0LF,"MitM-CTL/NG[n=1,maxT=100000,NG_n=2,chr_H=4,chr_LRUH=4,chr_asth=1]",CTLv1.v:10335
274,1RB---_0RC0RB_0LD0RA_1LD0LE_1LF1RA_1RC0LF,"MitM-CTL/NG[n=1,maxT=30000,NG_n=3,chr_H=2,chr_LRUH=6,chr_asth=1]",-
275,1RB---_0RC0RB_0LD1LE_1LD0LE_1LF1RC_1LA---,"MitM-CTL/RWL_mod[n=1,maxT=100000,sim=1001,H=2,mnc=1,mod=3]",CTLv1.v:23685
276,1RB---_0RC0RB_0LD1LE_1LD0LE_1LF1RC_0LA1LA,"MitM-CTL/RWL_mod[n=1,maxT=100000,sim=1001,H=3,mnc=2,mod=4]",CTLv1.v:68988
277,1RB---_0RC0RB_0LD0RA_1LD0LE_1RA1LF_1RC0LF,"MitM-CTL/NG[n=1,maxT=100000,NG_n=2,chr_H=4,chr_LRUH=4,chr_asth=1]",-
278,1RB1RC_0RC0RB_0LD1LE_1LD0LE_1LA1RF_0LA---,"MitM-CTL/CPS_LRU[n=2,maxT=100000,sim=1001,LRUH=16,H=1,tH=1]",-
279,1RB---_0RC0RB_0LD1LE_1LD0LE_1LA1RC_------,"MitM-CTL/CPS_LRU[n=2,maxT=100000,sim=1001,LRUH=16,H=1,tH=1]",-
280,1RB---_0RC0RB_0LD1LE_1LD1RC_1LA1LF_0LE0LF,"MitM-CTL/RWL_mod[n=1,maxT=100000,sim=1001,H=2,mnc=1,mod=3]",CTLv1.v:21708
281,1RB---_0RC0RB_0LD1LE_1LD1RC_1LF0LE_1LA---,"MitM-CTL/RWL_mod[n=1,maxT=100000,sim=1001,H=2,mnc=1,mod=3]",CTLv1.v:22416
282,1RB---_0RC0RB_0LD1LE_1LD1RC_1LF0LE_0LA1LA,"MitM-CTL/RWL_mod[n=1,maxT=100000,sim=1001,H=3,mnc=2,mod=4]",CTLv1.v:68181
283,1RB---_0RC0RB_0LD1LE_1LD1RC_1LA0LE_------,"MitM-CTL/CPS_LRU[n=2,maxT=100000,sim=1001,LRUH=16,H=1,tH=1]",-
284,1RB0LE_0RC---_0LD1LE_1LD1RC_1RF0LA_0RB0RF,"MitM-CTL/NG[n=1,maxT=100000,NG_n=2,chr_H=4,chr_LRUH=4,chr_asth=1]",-
285,1RB1LE_0RC0RF_0LD1LA_1LD1RC_0LA0LE_---0RB,"MitM-CTL/NG[n=1,maxT=30000,NG_n=3,chr_H=2,chr_LRUH=6,chr_asth=1]",-
286,1RB0LF_0RC1RE_0LD---_1LD1LA_0RB0RE_1RC0LA,"MitM-CTL/NG[n=1,maxT=30000,NG_n=3,chr_H=2,chr_LRUH=6,chr_asth=1]",-
287,1RB0LF_0RC1RE_0LD---_1LD1LA_0RB0RE_0LA1RC,"MitM-CTL/NG[n=1,maxT=30000,NG_n=3,chr_H=2,chr_LRUH=6,chr_asth=1]",-
288,1RB0LF_0RC0RE_0LD---_1LD1LA_0RB1RE_0LA1RC,"MitM-CTL/NG[n=1,maxT=100000,NG_n=2,chr_H=4,chr_LRUH=4,chr_asth=1]",-
289,1RB0LE_0RC---_0LD1LE_1LD0LA_1RF1RC_0RB0RF,"MitM-CTL/NG[n=1,maxT=100000,NG_n=2,chr_H=4,chr_LRUH=4,chr_asth=1]",-
290,1RB0LE_0RC---_0LD1LE_1LD0LA_1RC1RF_0RB0RF,"MitM-CTL/NG[n=1,maxT=100000,NG_n=2,chr_H=4,chr_LRUH=4,chr_asth=1]",-
291,1RB0LE_0RC0RB_0LD1LE_1LD0LA_1LA1RF_1RC---,"MitM-CTL/RWL_mod[n=2,maxT=300000,sim=1001,H=4,mnc=1,mod=5]",RWL_mod_v5.v:4133
292,1RB1LE_0RC---_0LD1RA_1RC1LD_0LF0RA_0RB0LE,"MitM-CTL/NG[n=1,maxT=100000,NG_n=2,chr_H=4,chr_LRUH=4,chr_asth=1]",-
293,1RB1RC_0RC0RF_0LD1RF_0LA1LE_1LD1LA_---0RB,"MitM-CTL/NG[n=1,maxT=100000,NG_n=2,chr_H=4,chr_LRUH=4,chr_asth=1]",-
294,1RB1LE_0RC1RD_1LA0RB_1RC0LE_---1LF_0LA0LF,"MitM-CTL/NG[n=1,maxT=100000,NG_n=2,chr_H=4,chr_LRUH=4,chr_asth=1]",CTLv1.v:15900
295,1RB0LE_0RC1RD_1LA0RB_1RC1LE_---1LF_0LA0LF,"MitM-CTL/NG[n=1,maxT=30000,NG_n=3,chr_H=2,chr_LRUH=6,chr_asth=1]",-
296,1RB0LA_0RC1LD_1LA1LF_---0RE_1RE1RC_0LD0LF,"MITM-WFAR[n=9,m=1]",RRBAv5.v:1686
297,1RB---_0RC1LD_1LA---_0LD0LE_0LA1RF_0RF0RB,"MitM-CTL/CPS_LRU[n=2,maxT=100000,sim=1001,LRUH=16,H=1,tH=1]",-
298,1RB---_0RC1LD_1LA0RF_1LE0LD_0LA0LE_0RB1RF,"MitM-CTL/NG[n=1,maxT=30000,NG_n=3,chr_H=2,chr_LRUH=6,chr_asth=1]",-
299,1RB0RF_0RC1LD_1LA1RC_1LE0LD_0LA---_0LE0RB,"MitM-CTL/NG[n=1,maxT=30000,NG_n=3,chr_H=2,chr_LRUH=6,chr_asth=1]",-
300,1RB0LA_0RC1LD_1LA0RF_0LE0LD_1RC---_0RB1LE,"MitM-CTL/NG[n=1,maxT=30000,NG_n=3,chr_H=2,chr_LRUH=6,chr_asth=1]",-
301,1RB1RE_0RC1LD_1LA1LF_0LF0LA_0RE0RB_0LD---,-,RRBAv4.v:2800
302,1RB1LE_0RC0RD_1LA0RB_1RC0LE_1LF---_0LA0LF,"MitM-CTL/NG[n=1,maxT=100000,NG_n=2,chr_H=4,chr_LRUH=4,chr_asth=1]",CTLv1.v:16836
303,1RB0LE_0RC0RD_1LA0RB_1RC1LE_1LF---_0LA0LF,"MitM-CTL/NG[n=1,maxT=30000,NG_n=3,chr_H=2,chr_LRUH=6,chr_asth=1]",-
304,1RB0LA_0RC0LD_1LA0LF_---0RE_1RC1RE_1LD1LF,-,RRBAv4.v:1078
305,1RB0RA_0LC0RD_1LF1RD_1LE---_1RA0LF_0LE0RB,"MitM-CTL/NG[n=1,maxT=100000,NG_n=2,chr_H=4,chr_LRUH=4,chr_asth=1]",CTLv1.v:4239
306,1RB0LA_0LC1RF_1LE1RD_0RB---_0LE1LA_0RF0RD,"MitM-CTL/NG[n=1,maxT=30000,NG_n=3,chr_H=2,chr_LRUH=6,chr_asth=1]",-
307,1RB0LA_0LC1RF_1LE1RD_0RB0RF_1LC1LA_---0RD,"MitM-CTL/NG[n=1,maxT=100000,NG_n=2,chr_H=4,chr_LRUH=4,chr_asth=1]",-
308,1RB0LA_0LC1RF_0LE1RD_0RB0RD_0RF1LA_1LC---,"MitM-CTL/NG[n=1,maxT=30000,NG_n=3,chr_H=2,chr_LRUH=6,chr_asth=1]",-
309,1RB0LA_0LC1RF_1LC1RD_0RB0LE_0RF1LA_0RD---,"MitM-CTL/NG[n=1,maxT=30000,NG_n=3,chr_H=2,chr_LRUH=6,chr_asth=1]",-
310,1RB1LE_0LC1RF_0LA1RD_0RB0RF_1LC1LA_---0RD,"MitM-CTL/NG[n=1,maxT=100000,NG_n=2,chr_H=4,chr_LRUH=4,chr_asth=1]",-
311,1RB0LD_0LC---_1LC1LD_1RE0LA_0RB1RF_0RE0RF,"MitM-CTL/NG[n=1,maxT=30000,NG_n=3,chr_H=2,chr_LRUH=6,chr_asth=1]",-
312,1RB---_0LC1RF_1RA1LD_1LE0LD_0RB0LE_0RF0RA,"MitM-CTL/NG[n=1,maxT=30000,NG_n=3,chr_H=2,chr_LRUH=6,chr_asth=1]",-
313,1RB1RF_0LC0RA_1LC1LD_1LE0LD_1RA---_0RB0RF,"MitM-CTL/RWL_mod[n=2,maxT=30000,H=4,mnc=2,mod=1]",-
314,1RB0LD_0LC1RF_---1LD_1LE0LE_1RA1LC_0RA0RF,"MitM-CTL/NG[n=1,maxT=100000,NG_n=2,chr_H=4,chr_LRUH=4,chr_asth=1]",CTLv1.v:16809
315,1RB0LD_0LC1RF_1LC1LD_1LE0LA_1LA---_0RB0RF,"MitM-CTL/RWL_mod[n=1,maxT=100000,sim=1001,H=2,mnc=2,mod=4]",RWL_mod_v2.v:32256
316,1RB0LD_0LC1RF_1LC1LD_0RE0LA_---1LA_0RB0RF,"MitM-CTL/RWL_mod[n=2,maxT=30000,H=4,mnc=2,mod=1]",-
317,1RB---_0LC1LE_1LC1LD_0LE0LD_1RF---_0RB0RF,"MitM-CTL/CPS_LRU[n=2,maxT=100000,sim=1001,LRUH=16,H=1,tH=1]",-
318,1RB---_0LC0RA_0RB1LD_0LE0LD_1LC0RF_1RF1RA,-,Eqv_v2.v:7069 (mirror)
319,1RB---_0LC1LE_1LC1LD_0LE0LD_1LA1RF_0RB0RF,"MitM-CTL/RWL_mod[n=1,maxT=100000,sim=1001,H=2,mnc=1,mod=3]",CTLv1.v:19605
320,1RB---_0LC0RB_1RE1LD_1LC0LF_1RA0RE_0RA0LD,"MitM-CTL/NG[n=1,maxT=100000,NG_n=2,chr_H=4,chr_LRUH=4,chr_asth=1]",-
321,1RB0RA_0LC1RA_1RE1LD_1LC0LD_---0RB_------,-,Eqv_v2.v:26480; Eqv_v2.v:26550; Eqv_v2.v:26700; Eqv_v2.v:26740; Eqv_v2.v:26840; Eqv_v2.v:26990; RRBAv3.v:1469
322,1RB0RA_0LC1RA_0LE1LD_1LC0LD_0RF---_1RF0RB,-,RRBAv3.v:101
323,1RB0LA_0LC1RE_1LA1LD_1LC1RF_0RB0RF_---0RE,"MitM-CTL/NG[n=1,maxT=100000,NG_n=2,chr_H=4,chr_LRUH=4,chr_asth=1]",CTLv1.v:1833
324,1RB1RE_0LC0RB_0RA1LD_1LC0LF_1RA1LF_---0LD,"MitM-CTL/NG[n=1,maxT=100000,NG_n=2,chr_H=4,chr_LRUH=4,chr_asth=1]",-
325,1RB0RE_0LC0RB_0RA1LD_1LC0LF_1RA1LF_0LD---,"MitM-CTL/NG[n=1,maxT=100000,NG_n=2,chr_H=4,chr_LRUH=4,chr_asth=1]",-
326,1RB0RE_0LC1RE_---1LD_1RA1LC_0LD0LF_0RA1LF,-,RRBAv4.v:4846
327,1RB---_0LC1RE_1LC1LD_1LA1LF_0RB0RE_0LA0LF,"MitM-CTL/CPS_LRU[n=2,maxT=100000,sim=1001,LRUH=16,H=1,tH=1]",-
328,1RB---_0LC1RE_1LC1LD_1LA0RF_0RB0RE_---0LA,"MitM-CTL/RWL_mod[n=2,maxT=30000,H=4,mnc=2,mod=1]",-
329,1RB1RF_0LC1RE_1LC1LD_1LA0LA_0RB0RE_0LD---,"MitM-CTL/RWL_mod[n=1,maxT=100000,sim=1001,H=2,mnc=2,mod=6]",RWL_mod_v5.v:3869
330,1RB1RE_0LC0RE_1LF1LD_1LA---_1LC0RB_0LA---,-,RRBAv5.v:4146
331,1RB---_0LC0RE_1LC1LD_1LA1RF_---0LA_0RB0RF,"MitM-CTL/CPS_LRU[n=2,maxT=100000,sim=1001,LRUH=16,H=1,tH=1]",-
332,1RB1RF_0LC0LD_1LC1LD_1LA1RE_0RB0RF_---0RE,-,RRBAv4.v:1273
333,1RB1RF_0LC0RB_1LE1LD_1LA---_0LA---_1LC0RF,-,RRBAv5.v:3783
334,1RB1RE_0LC0RB_0LD1LD_1LA1RF_---0RF_1LC0RE,-,RRBAv4.v:1138
335,1RB1RF_0LC0RB_0LA1LD_1LA1RE_---0RF_1LC0RE,-,RRBAv4.v:67
336,1RB1RE_0LC0LA_1LC1LD_1LA---_0RF0RE_---0RB,"MITM-WFAR[n=10,m=1]",RRBAv5.v:2580
337,1RB1RE_0LC0LA_1LC1LD_1LA1RF_0RB0RF_---0RE,-,RRBAv4.v:1882
338,1RB0RA_0LC1RA_---0RD_0LE0RB_1RD1LF_1LE0LF,-,Eqv_v2.v:24110; RRBAv3.v:29
339,1RB1LF_0LC1RE_---0RD_1LA0RB_0LA0RE_1RD0LF,-,Eqv_v2.v:17170; RRBAv3.v:47
340,1RB0LA_0LC0RE_1LC0LD_1RE1LA_1RF---_0RB0RF,"MitM-CTL/NG[n=1,maxT=100000,NG_n=2,chr_H=4,chr_LRUH=4,chr_asth=1]",-
341,1RB1RF_0LC---_1LC0LD_1RE0LA_0RF0RE_0RB1LD,"MitM-CTL/NG[n=1,maxT=30000,NG_n=3,chr_H=2,chr_LRUH=6,chr_asth=1]",-
342,1RB---_0LC1LF_1LC0LD_1RE0LF_0RB0RE_1LD1RA,"MitM-CTL/RWL_mod[n=2,maxT=300000,sim=1001,H=4,mnc=1,mod=5]",RWL_mod_v5.v:4118
343,1RB1RF_0LC1LA_1LC0LD_1RE0LA_0RB---_0RE0RF,"MitM-CTL/NG[n=1,maxT=100000,NG_n=2,chr_H=4,chr_LRUH=4,chr_asth=1]",-
344,1RB0RA_0LC0LF_---0LD_1RE1LC_1RA1LF_---1LD,"MitM-CTL/NG[n=1,maxT=100000,NG_n=2,chr_H=4,chr_LRUH=4,chr_asth=1]",-
345,1RB1RF_0LC0RB_1LD0LD_0LE1LE_1LA---_1LC0RF,-,RRBAv5.v:3927
346,1RB---_0LC0RB_0LE0LD_1LC1LE_1LA1RF_1LD0RF,-,RRBAv5.v:4050
347,1RB0LF_0LC1RE_0RB0LD_1LC---_0RA0RE_1LF1LD,-,Eqv_v2.v:7070; FractalType1v1_6x2_solved.v:88
348,1RB0LA_0LC1RE_1LA0LD_1LC1RF_0RB0RF_0RE---,"MitM-CTL/NG[n=1,maxT=100000,NG_n=2,chr_H=4,chr_LRUH=4,chr_asth=1]",CTLv1.v:6192
349,1RB0RF_0LC1RF_1RA0LD_0RB1LE_1LC1LD_---0RA,"MitM-CTL/NG[n=1,maxT=100000,NG_n=2,chr_H=4,chr_LRUH=4,chr_asth=1]",-
350,1RB0LA_0LC1RE_1LC0LD_1LA0RE_1RF---_0RB0RF,"MitM-CTL/NG[n=1,maxT=100000,NG_n=2,chr_H=4,chr_LRUH=4,chr_asth=1]",CTLv1.v:8184
351,1RB0LA_0LC0RE_1LC0LD_1LA1RE_1RF---_0RB0RF,"MitM-CTL/NG[n=1,maxT=30000,NG_n=3,chr_H=2,chr_LRUH=6,chr_asth=1]",-
352,1RB---_0LC0RD_1RD1LC_1RA1LE_0RB0LF_0LE0RA,"MitM-CTL/NG[n=1,maxT=100000,NG_n=2,chr_H=4,chr_LRUH=4,chr_asth=1]",-
353,1RB0RB_0LC0LE_1RD1LC_---1RA_0RA1LF_0RD1LE,-,RRBAv4.v:4546
354,1RB1RA_0LC---_1LD1LC_1LE0RA_1RF0LD_0LE0RF,"MitM-CTL/RWL_mod[n=2,maxT=30000,H=4,mnc=2,mod=1]",-
355,1RB0RE_0LC---_1LD1LC_1RA0LF_0RA1RE_0LD0RB,"MitM-CTL/NG[n=1,maxT=100000,NG_n=2,chr_H=4,chr_LRUH=4,chr_asth=1]",-
356,1RB---_0LC0RB_0RD1LC_1RA1LE_1RD0LF_0LE0RA,"MitM-CTL/NG[n=1,maxT=100000,NG_n=2,chr_H=4,chr_LRUH=4,chr_asth=1]",-
357,1RB---_0LC1RD_0RD1LC_0RA0LE_1RA0LF_0RB1LF,"MitM-CTL/NG[n=1,maxT=30000,NG_n=3,chr_H=2,chr_LRUH=6,chr_asth=1]",-
358,1RB0LA_0LC1RE_0LD1LC_0RE1LA_1RF---_0RB0RF,"MitM-CTL/NG[n=1,maxT=30000,NG_n=3,chr_H=2,chr_LRUH=6,chr_asth=1]",-
359,1RB---_0LC0RF_0LD1LC_0LE0RA_1RF0RB_1RA1LE,"MitM-CTL/NG[n=1,maxT=100000,NG_n=2,chr_H=4,chr_LRUH=4,chr_asth=1]",-
360,1RB---_0LC1LE_0LD1LC_0LE0RA_1RF0RB_1RA0RF,"MitM-CTL/NG[n=1,maxT=100000,NG_n=2,chr_H=4,chr_LRUH=4,chr_asth=1]",-
361,1RB---_0LC1LE_0LD1LC_1RA0LE_0RB0RF_0RA1RF,"MitM-CTL/NG[n=1,maxT=100000,NG_n=2,chr_H=4,chr_LRUH=4,chr_asth=1]",-
362,1RB0RE_0LC1RA_0LD1LC_0RA1LD_0LF1RE_---0RB,"MitM-CTL/RWL_mod[n=1,maxT=1000000,sim=1001,H=4,mnc=2,mod=2]",-
363,1RB---_0LC1LD_0RB1LC_0LE0RF_1RA0LD_0RA1RF,"MitM-CTL/NG[n=1,maxT=100000,NG_n=2,chr_H=4,chr_LRUH=4,chr_asth=1]",-
364,1RB---_0LC0RD_0RB1LC_1RA0LE_0LF0RA_1RD1LF,"MitM-CTL/NG[n=1,maxT=30000,NG_n=3,chr_H=2,chr_LRUH=6,chr_asth=1]",-
365,1RB0LF_0LC0RD_1LA1LC_1RE1RD_0RB---_0LA0RE,"MitM-CTL/NG[n=1,maxT=100000,NG_n=2,chr_H=4,chr_LRUH=4,chr_asth=1]",-
366,1RB0LF_0LC1RD_1LC1LA_0RE0RD_0RB---_1RE0LA,"MitM-CTL/NG[n=1,maxT=100000,NG_n=2,chr_H=4,chr_LRUH=4,chr_asth=1]",-
367,1RB0LF_0LC1RD_1LC1LA_0RE0RD_0RB---_0LA1RE,"MitM-CTL/NG[n=1,maxT=100000,NG_n=2,chr_H=4,chr_LRUH=4,chr_asth=1]",-
368,1RB1RE_0LC1RD_---1LA_0RE0RD_0LA0LF_1LF1LC,"MitM-CTL/NG[n=1,maxT=100000,NG_n=2,chr_H=4,chr_LRUH=4,chr_asth=1]",-
369,1RB0LA_0LC1RD_1LE1LA_0RB0RF_1LC1RF_---0RD,"MitM-CTL/NG[n=1,maxT=30000,NG_n=3,chr_H=2,chr_LRUH=6,chr_asth=1]",-
370,1RB0LA_0LC1RD_0LE1LA_0RB0RF_1LC1RF_0RD---,"MitM-CTL/NG[n=1,maxT=30000,NG_n=3,chr_H=2,chr_LRUH=6,chr_asth=1]",-
371,1RB1LE_0LC1RD_1LC1LA_0RB0RD_0LA0LF_---0LE,"MitM-CTL/RWL_mod[n=1,maxT=100000,sim=1001,H=2,mnc=2,mod=6]",RWL_mod_v5.v:3026
372,1RB1RF_0LC1LD_1LC1LA_0LA1RE_---0RB_0RE0RF,"MITM-WFAR[n=9,m=1]",RRBAv5.v:495
373,1RB1RF_0LC0RD_0LA1LA_0LE0RB_1LC---_1LE0RF,-,RRBAv4.v:5209
374,1RB1RF_0LC0RD_1LE1LA_0LE0LA_1LC---_0RB0RF,-,RRBAv4.v:5518
375,1RB1RF_0LC0RD_1LE1LA_0LE0RB_0LA---_1LC0RF,-,RRBAv4.v:2548
376,1RB1RF_0LC0RB_1LD1LA_0LA1RE_---1LC_0RE0RF,"MITM-WFAR[n=9,m=1]",RRBAv5.v:1674
377,1RB1RD_0LC0LA_1LF1LA_0RE0RD_0LF0RB_1LC---,-,RRBAv4.v:2704
378,1RB1RC_1LA1LE_0RC0RD_0RB1LF_0LF0LA_0LE---,-,RRBAv4.v:1750
379,1RB1RC_1LA1LD_0RF0RB_0LD0LE_0LA1RF_0RC---,-,RRBAv4.v:3880
380,1RB0LC_1LA1RD_0RB1LF_---0RE_0LA1RE_0RD1LC,-,RRBAv4.v:1045
381,1RB1LC_0LA0RD_1LA0LC_0LF1RE_1RD0RE_---0RB,-,Eqv_v2.v:24109
382,1RB0LC_0LA0RB_1RD1RF_1LE0RD_1LA1LC_---0LE,"MitM-CTL/NG[n=1,maxT=30000,NG_n=3,chr_H=2,chr_LRUH=6,chr_asth=1]",-
383,1RB0LC_0LA0RB_1LA1RD_0RE0RD_0LF---_1LF1LC,"MitM-CTL/RWL_mod[n=2,maxT=30000,H=4,mnc=2,mod=1]",-
384,1RB0LC_0LA0RB_1LA0RD_1RE1RD_0LF---_1LC1LF,"MitM-CTL/RWL_mod[n=2,maxT=30000,H=4,mnc=2,mod=1]",-
385,1RB1LA_0LA1RC_0RB1RD_0LE0RD_0LF---_1LF0RC,"MitM-CTL/RWL_mod[n=2,maxT=30000,H=4,mnc=2,mod=1]",-
386,1RB1LA_0LA1RC_0RB0RD_0LE1RD_---0LF_0RC1LF,"MitM-CTL/RWL_mod[n=2,maxT=30000,H=4,mnc=2,mod=1]",-
387,1RB1LA_0LA1LC_1RE0LD_0LC0RF_1RF0RE_0RB---,"MitM-CTL/NG[n=1,maxT=100000,NG_n=2,chr_H=4,chr_LRUH=4,chr_asth=1]",-
